Review_ID,Interview_Feedback,Company_Feedback,Employee_ID,Candidate_Username
01HR06F991G1R0A01DSJP487NP,,Working at Intel has been a transformative experience. The supportive team and innovative culture have contributed significantly to my professional growth.,01HQ9SN572JTH69FXWH71E80Q7,
01HR06F992CEC2M2VE3DVXHRNX,,"I've been with NVIDIA for two years, and it's been a fantastic journey. The work-life balance and management's care for employee well-being are commendable.",01HQ9SN566QNWE4P10G3WT89D4,
01HR06F992C63BNDD9K5ANB3QQ,,Chamberlain Group has a dynamic environment that keeps you on your toes. The collaborative atmosphere and supportive colleagues make it a great place to work.,01HQ9SN566QNWE4P10G3WT89D4,
01HR06F9929KVQZWKPE26HXDJ2,,"As a recent graduate, Similarweb provided a great start to my career. The mentorship program and exposure to cutting-edge technologies have been invaluable.",01HQ9SN55Q7MXX3X7BBCST4QK7,
01HR06F992YFEWZX5058TFCHDH,,The diversity and inclusion efforts at Exiger are commendable. It's refreshing to work in an environment where everyone's ideas are valued.,01HQ9SN560JW8E1Y07P9VRYNPM,
01HR06F993TDJ6SSTPPF75HSDC,,"I've been with Western Digital for over five years, and it's been rewarding. The company's clear vision and the leadership team's transparency have created a collaborative work environment.",01HQ9SN566G90Z6TKVJYAXWCED,
01HR06F9938J49G4Q41D43X9KF,,Rockwell Automation offers a unique blend of creativity and technical challenges. Working on a variety of projects has pushed the boundaries of my skills.,01HQ9SN572JTH69FXWH71E80Q7,
01HR06F993ATT727RJFWC3T2RP,,One thing I appreciate about Edward Daniels Group is the focus on employee development. The ample training programs and workshops have helped me enhance my skills.,01HQ9SN55P9F0EZP68P3CMFCVM,
01HR06F99338376YGGF3Y5YJN7,,The work culture at Canonical is unlike any other I've experienced. The emphasis on teamwork and collective success has fostered a supportive atmosphere.,01HQ9SN566G90Z6TKVJYAXWCED,
01HR06F994BFC58DGRTC4TFWBJ,,"Episode Six is a place where innovation thrives. The entrepreneurial spirit is encouraged, and employees are empowered to take ownership of their projects.",01HQ9SN574ZZMXT49CC9S3CM7X,
01HR06F994PM40RF1SER0SDP2T,,"I've been part of the Tegus team for three years, and it's been fulfilling. The company values hard work and dedication, which is reflected in how employees are treated.",01HQ9SN56Y4ZJ1YMXGKDE8YDN8,
01HR06F994MJBZX297DMK6JQZ5,,The sense of community at Arsiem Corporation is strong. Regular team-building events and social activities have helped build a tight-knit and friendly work environment.,01HQ9SN56Y4ZJ1YMXGKDE8YDN8,
01HR06F995HNF1D1F1WNHWP822,,Working at Caldera has been an eye-opening experience. Being part of the company's journey in industry innovations has been incredibly rewarding.,01HQ9SN56M0K4B1QN7F6Y7HC55,
01HR06F995Q21FH337449QF23W,,The commitment to sustainability and social responsibility at Alarm.com is impressive. Working for a company that focuses on making a positive impact is inspiring.,01HQ9SN570YMW1WCP9D952QTVT,
01HR06F995256DPGREQ3HRY2VW,,Interactive Brokers has a vibrant work environment. The open office layout and modern amenities foster creativity and collaboration.,01HQ9SN56VRTN5N7688NFEGNYE,
01HR06F9953PKW3S9BTK651NRZ,,"I've had the pleasure of working at Pinterest for four years, and it's been remarkable. The company's growth mindset and focus on innovation have opened up numerous opportunities.",01HQ9SN566QNWE4P10G3WT89D4,
01HR06F9958X1BNG74Z1NPNEEZ,,The leadership team at Oshkosh is exceptional. They lead by example and are always available to provide guidance and support.,01HQ9SN566QNWE4P10G3WT89D4,
01HR06F9963MP1S92R8W2C3VP5,,Jerry's approach to problem-solving and project management is top-notch. The emphasis on data-driven decisions has led to the successful execution of complex projects.,01HQ9SN56JDP1HXVA1M2MH235M,
01HR06F996T5C3D3V5RBTG7B3K,,"As a software engineer at Forbes, I've worked with a talented team on cutting-edge projects. The company's commitment to using the latest technologies has allowed me to grow my technical skills.",01HQ9SN56C1TE07WHQNDPERWTN,
01HR06F996ZTMYPF19FVQPCTB2,,The inclusive culture at Old Mission has made it a wonderful place to work. The company celebrates diversity and fosters an environment where everyone feels welcome.,01HQ9SN55P9F0EZP68P3CMFCVM,
01HR06F996GDATZDN0W5FARDY6,,OptionMetrics's focus on customer satisfaction is evident in everything we do. It's rewarding to be part of a team that prioritizes delivering high-quality products and services.,01HQ9SN56B7B8HZWSWV8DFJ076,
01HR06F997XCE8HKRV9REWE9XJ,,"While Elevance Health has provided some growth opportunities, I've found the pace of career advancement to be slower than expected. More clarity on promotion paths would be helpful.",01HQ9SN55YZ0RCRRY346JSCJ7H,
01HR06F997C7WESJDCW6GE17CM,,"The work at Raptor Maps can be quite demanding, with tight deadlines and high expectations. A better balance between challenging projects and manageable workloads would be appreciated.",01HQ9SN56M0K4B1QN7F6Y7HC55,
01HR06F997TP3A38M8SFASVE1Q,,"While Live Nation Entertainment has a strong focus on innovation, I've noticed a resistance to change in some departments. Encouraging more openness to new ideas could enhance our adaptability.",01HQ9SN5784AA9SDTZSW412YRB,
01HR06F9983FGW0DX9PS69HDFT,,"I've experienced some communication issues at Harbinger Motors, where important information is not always shared promptly. Improving internal communication channels could increase efficiency.",01HQ9SN56C1TE07WHQNDPERWTN,
01HR06F99853QTT99T76PG8B93,,"Working at Skyways has been an average experience. The work is routine, and there's little room for creativity or innovation.",01HQ9SN55HSER5KEBNJ9TD7RYV,
01HR06F998TWSDA1JXBAWVVK2Q,,"I've been with PlusAI for a year now, and it's been underwhelming. The lack of clear direction and communication from management is frustrating.",01HQ9SN57A9MWBAFRVK3MD3W7D,
01HR06F9986WB2SE45CAFQ4SM5,,Cohere Health's work environment is quite stressful. The constant pressure to meet unrealistic deadlines has taken a toll on my work-life balance.,01HQ9SN574ZZMXT49CC9S3CM7X,
01HR06F998005WGV0PCJ1XGHEF,,"As an employee at Osmo, I've found the opportunities for career advancement to be limited. It's disheartening to see little recognition for hard work.",01HQ9SN55FXJAPFVZ6T3K166B3,
01HR06F99883Q7NJCZX7PHFS2J,,The company culture at Formlabs is not as inclusive as I had hoped. There's a noticeable lack of diversity in leadership positions.,01HQ9SN56Y4ZJ1YMXGKDE8YDN8,
01HR06F998E1CN21FEAS3CVMD9,,"I've experienced a lack of support from my team at Exiger. Collaboration is rare, and it often feels like everyone is working in silos.",01HQ9SN55TWATS5ZFR8P01ZX3A,
01HR06F9980QPSEBWF90YHJ9ZF,,"The workload at Spot Freight is overwhelming. There's an expectation to be available 24/7, which is unsustainable in the long term.",01HQ9SN56R29WXJEGE9YC7EVJX,
01HR06F999WKYYXNBP37NM6NZX,,"I've noticed a high turnover rate at FreedomPay, which is concerning. It seems like many talented individuals are leaving due to dissatisfaction.",01HQ9SN570YMW1WCP9D952QTVT,
01HR06F999ZYYBAR6TSF0CCDVT,,The training and development opportunities at Weiss Asset Management are inadequate. There's a clear need for more investment in employee growth.,01HQ9SN55N6YJ1KDV46N18KGME,
01HR06F9996XEQ1R8BBNFCX1WX,,The office politics at Navan (fka TripActions) can be draining. It often feels like progress is more about who you know rather than what you know.,01HQ9SN574ZZMXT49CC9S3CM7X,
01HR06F99AZZWB90AX2R00NQR0,,"I've found the feedback culture at WeRide to be lacking. Constructive criticism is rare, and it's challenging to know where you stand.",01HQ9SN56ZNEZQ3A17QDHNRF43,
01HR06F99AZ3E7FBV656FVW3PN,,The benefits package at Tinder is subpar. It's disappointing to see minimal effort put into employee well-being and perks.,01HQ9SN55TWATS5ZFR8P01ZX3A,
01HR06F99ANA7CDYB2E85PP3HG,,"I've encountered a lack of transparency at Tinder. Decisions are made behind closed doors, leaving employees in the dark.",01HQ9SN57A9MWBAFRVK3MD3W7D,
01HR06F99A9BWNA2236CG1M393,,"The innovation at Lacework is stagnant. There's a resistance to new ideas, which hinders growth and progress.",01HQ9SN55JBBZHV66TPRYQAJ73,
01HR06F99BBRWMRM43NW9QNY25,,"I've felt undervalued at Altera Digital Health. Despite putting in extra effort, there's little acknowledgment or reward.",01HQ9SN572CS80JAC18DMVS3RJ,
01HR06F99BXWA5WJV5SWQCR673,,The work-life balance at Voya Financial is non-existent. The expectation to prioritize work over personal life is unreasonable.,01HQ9SN56B7B8HZWSWV8DFJ076,
01HR06F99BZE3A1PXFNQD8VGFW,,I've noticed a lack of ethical practices at Spot Freight. There are instances where profits are prioritized over integrity.,01HQ9SN55R6DFNZ7V5A131M746,
01HR06F99BPNFDRPZNBBV5SH87,,"The communication at EquipmentShare is poor. Important information is often not disseminated effectively, leading to confusion and errors.",01HQ9SN56TVDPYEETHBS50ZKX8,
01HR06F99CV6FG3VNMKHZXVB5F,,I've experienced a toxic work environment at Western Digital. There's a culture of blame and negativity that's demoralizing.,01HQ9SN56R29WXJEGE9YC7EVJX,
01HR06F99C3C1WNYC37TRE9HFC,,The leadership at Arsiem Corporation is disconnected from the employees. There's a lack of understanding of the challenges faced by the team.,01HQ9SN56TVDPYEETHBS50ZKX8,
01HR06F99CEHBY8WS7D47P1B3K,,"I've observed a lack of accountability at Skyways. When things go wrong, there's a tendency to pass the buck rather than address the issue.",01HQ9SN560JW8E1Y07P9VRYNPM,
01HR06F99CW6EFC9F1K4DPV5YS,,The focus on short-term gains at dunnhumby is frustrating. There's a lack of long-term vision and planning.,01HQ9SN57A9MWBAFRVK3MD3W7D,
01HR06F99C54X63ZE7104K4WZE,,I've found the performance evaluation process at Gametime to be unfair. It seems biased and doesn't accurately reflect contributions.,01HQ9SN56VRTN5N7688NFEGNYE,
01HR06F99CER3YMZJKJS4FAFJ6,,"The work environment at Hex Technologies is uninspiring. The office is outdated, and there's a lack of resources to do our best work.",01HQ9SN57DHCJ84D75BYFBF1JV,
01HR06F99CS2TAE118VRWE03WW,,"I've felt isolated at Ample. There's a lack of camaraderie and team spirit, which makes it a lonely place to work.",01HQ9SN559DXNCX8PZGSPX86DQ,
01HR06F99CGDDWH6MQCNFBQ756,The interview process at Intel was well-organized and professional. The recruiters were communicative and provided clear instructions at each step.,,,vlongden84
01HR06F99D8Y8G1GZCPEY3MASY,I had a positive experience interviewing with NVIDIA. The interviewers were friendly and asked relevant questions that allowed me to showcase my skills.,,,ftranfield3q
01HR06F99DV7HR3Z49N4PXGB21,"My interview at Chamberlain Group was a bit intimidating. The questions were challenging, and I felt underprepared for some of the technical aspects.",,,gribeiro76
01HR06F99DQM4BBYSGP6C7CSBA,Similarweb's interview process was thorough and fair. I appreciated the opportunity to meet with multiple team members and get a sense of the company culture.,,,mcorbishley19
01HR06F99DBTA5SD38R7Y3TM3J,"I found the interview experience at Exiger to be quite stressful. The expectations were not clearly communicated, and the process felt disorganized.",,,njeune1g
01HR06F99D6H20ZWY2NABCY4F4,Interviewing with Western Digital was a great learning experience. The feedback provided after the interview was constructive and helpful for my future interviews.,,,mrubbens55
01HR06F99D0KMRKJERH6XZYN8E,"The interview process at Rockwell Automation felt very impersonal. It was difficult to connect with the interviewers, and I left feeling unsure about the company.",,,cmunks7d
01HR06F99DZEMP357CAFT13QD5,I was impressed by the efficiency of Edward Daniels Group's interview process. The use of practical assessments gave me a good idea of what working there would be like.,,,omewhirter51
01HR06F99D167EZV8C5AM73XDC,"My interview experience at Canonical was mixed. While the initial stages were smooth, the final round felt rushed and left me with unanswered questions.",,,omewhirter51
01HR06F99DSBB1R7CTDB5J2RFN,I appreciated the transparency of Episode Six's interview process. The clear communication of expectations and timelines made the experience less stressful.,,,rgudgen75
01HR06F99E7APZ7PBV7V2CBQHA,The interview at Tegus was challenging but fair. The questions tested my problem-solving skills and ability to think on my feet.,,,amcpheat10
01HR06F99E9YH5SC2BX5X01GSD,I found the interviewers at Arsiem Corporation to be very approachable and knowledgeable. They made the interview feel more like a conversation than an interrogation.,,,omewhirter51
01HR06F99EG62XHX17JKR8W482,"The virtual interview process with Caldera had some technical difficulties, which was frustrating. However, the interviewers were understanding and accommodating.",,,jyellowlea5w
01HR06F99EFB85AKSDT4ZM0Q6J,Interviewing at Alarm.com was an eye-opening experience. The focus on cultural fit and values alignment was refreshing and made me more interested in the company.,,,bmckmurrie27
01HR06F99EY6DMZMDRCDYP9H35,I felt that the interview process at Interactive Brokers lacked diversity. The panel did not seem representative of the company's stated commitment to inclusivity.,,,wloblie3e
01HR06F99EQDSQZ17BZWY961T4,The interview experience at Pinterest was enjoyable. The relaxed atmosphere and engaging questions made me feel comfortable and confident.,,,koxlade1j
01HR06F99E9RC2CGY0YB1VD7CR,I was disappointed by the lack of feedback after my interview with Oshkosh. It would have been helpful to know where I could improve for future opportunities.,,,eschonfeld61
01HR06F99EWHVX6AXRBQAJEWDQ,"The interview process at Jerry was lengthy but worthwhile. Each stage was designed to assess different skills, which I found to be a comprehensive approach.",,,koxlade1j
01HR06F99FG1Y7EZEHTVZX18NP,"I was surprised by the informal nature of the interview at Forbes. While it was a pleasant experience, I was unsure of how to gauge my performance.",,,dasquez47
01HR06F99FXPCD5N4M79XDGFHN,The interviewers at Old Mission were very professional and provided clear explanations of the role and expectations. I left the interview with a positive impression of the company.,,,gskacel2v
01HR06F99FA55WQK9EABZRTQ74,"I found the interview process at OptionMetrics to be somewhat disorganized. The scheduling was inconsistent, and there was a lack of communication between stages.",,,omewhirter51
01HR06F99FSHW8K8XV4DQQ6R19,Interviewing with Elevance Health was a confidence-boosting experience. The positive reinforcement and constructive feedback from the interviewers were encouraging.,,,gskacel2v
01HR06F99F978FKNQKXM7247JH,The group interview at Raptor Maps was a unique experience. It was interesting to see how different candidates approached the same problems.,,,tschneidau7m
01HR06F99FTB97CNF0GJ7K82SA,I appreciated the focus on work-life balance during my interview with Live Nation Entertainment. The questions about managing stress and maintaining productivity were insightful.,,,sdeo
01HR06F99FCHZ6NZM84KBSPQAM,"The interview process at Harbinger Motors was intense. The technical assessments were challenging, and I had to thoroughly prepare to meet their high standards.",,,mfeather36
01HR06F99FYG6VDEDRCGVR34MK,The interview process at Skyways was average. It was a standard procedure with no standout moments or particularly engaging interactions.,,,hlearmount34
01HR06F99GM81XNC2854B1PHME,"I found the interview at PlusAI to be disorganized. The interviewers seemed unprepared, and there were scheduling mix-ups.",,,bjansens5o
01HR06F99GY71YH57SYDMEDYF3,"My experience interviewing with Cohere Health was stressful. The interviewers were cold, and the atmosphere was intimidating.",,,koxlade1j
01HR06F99GGKT15G6C2M76DC3B,"The interview at Osmo felt one-sided. It was more of an interrogation than a conversation, and I didn't get a chance to ask questions.",,,mcorbishley19
01HR06F99GZ237XPZ1XGS8SM7F,"I was unimpressed with the interview process at Formlabs. It lacked structure, and there was no clear explanation of the next steps.",,,sloache4e
01HR06F99G8FA5BNBA1PMHB8EY,"The interviewers at Exiger seemed disinterested. It felt like they had already made up their minds, which was discouraging.",,,vlongden84
01HR06F99GV28P6ZNHH0CYZY8N,"I had a negative experience interviewing at Spot Freight. The questions were irrelevant to the role, and the process felt rushed.",,,hlearmount34
01HR06F99G6D0REJ3XV2DM7D3X,"The virtual interview with FreedomPay had technical issues. It was frustrating, and the interviewers didn't handle it well.",,,njeune1g
01HR06F99G9KMZCQRPVV1P6X36,"I felt unwelcome during my interview at Weiss Asset Management. The interviewers were dismissive, and there was a lack of warmth or friendliness.",,,dkamienski7b
01HR06F99GXWWKKR0QBT1ZH1Q3,"The interview process at Navan (fka TripActions) was excessively long. It dragged on with too many rounds, which felt unnecessary.",,,omewhirter51
01HR06F99HCMJ4Z5V0HMBWX1B3,I left the interview at WeRide feeling uncertain. There was a lack of clarity about the role and the company's expectations.,,,gskehens4t
01HR06F99HPMCMM0QN41V0MK8R,The feedback after my interview with Tinder was vague. It didn't provide any useful insights or areas for improvement.,,,cmunks7d
01HR06F99HHJTFS0YF94EB8PHC,"I found the interviewers at Tinder to be arrogant. They talked down to me, which was off-putting and unprofessional.",,,dblaisdellw
01HR06F99HGC1S6RM6WR07YCDQ,"The interview at Lacework lacked diversity. All the interviewers were from similar backgrounds, which raised concerns about inclusivity.",,,vlongden84
01HR06F99HKFD9ME89R49C99CQ,My interview experience at Altera Digital Health was forgettable. It was a standard process with nothing that made the company stand out.,,,rwhiteoak5n
01HR06F99HFVAC6BKMXN9KKWK0,"I felt rushed during my interview at Voya Financial. The interviewers seemed like they were in a hurry, which made it hard to connect.",,,evannucci4z
01HR06F99H0M6P489YZHN3DZ8H,The questions asked during the interview at Spot Freight were generic. They didn't allow me to showcase my unique skills or experiences.,,,jkull8b
01HR06F99HC0GQ50WK12BPQWDP,I was disappointed by the lack of follow-up after my interview with EquipmentShare. I had to reach out multiple times to get any response.,,,tmccue3a
01HR06F99JZ5RVVN46A87KBAGC,"The interviewers at Western Digital seemed distracted. It was as if they had more important things to do, which was disheartening.",,,omewhirter51
01HR06F99JVVZ4C669EWBCA474,I had a negative impression of Arsiem Corporation after the interview. The company culture seemed rigid and unwelcoming.,,,omewhirter51
01HR06F99JP13J3AJQT44RBJAM,The interview process at Skyways felt impersonal. It was hard to get a sense of the company's values or what it would be like to work there.,,,eschonfeld61
01HR06F99JZJTT02SBT5GW4NC8,I was put off by the aggressive questioning during my interview at dunnhumby. It felt more like an interrogation than an opportunity to discuss my qualifications.,,,wloblie3e
01HR06F99J11NF9GPHBPD87BHX,The lack of enthusiasm from the interviewers at Gametime was noticeable. It made me question whether I would want to work in such an environment.,,,gribeiro76
01HR06F99JEEPWMDGZ3GPWD7X1,"I found the interview at Hex Technologies to be uninspiring. The questions were predictable, and there was no opportunity for meaningful dialogue.",,,jmoncreiffe14
01HR06F99JS4XKYFFJD9H3NKRB,"My interview experience at Ample was disappointing. The overall vibe was cold, and it didn't leave me with a positive impression of the company.",,,mrubbens55
